{
	"enabled": "true",
	"code": "butcherhook",
	"class": "BlockButcherHook",
	"entityClass": "ButcherHook",
	"attributes": {
		"butcheringEfficiencyByType": {
			"butcherhook-copper-*": 1,
			"butcherhook-tinbronze-*": 1,
			"butcherhook-bismuthbronze-*": 1,
			"butcherhook-blackbronze-*": 1,
			"butcherhook-iron-*": 1.2,
			"butcherhook-flint-*": 0.8
		}
	},
	"variantGroups": [
		{
			"code": "material",
			"states": [ "copper", "tinbronze", "bismuthbronze", "blackbronze", "iron", "flint" ]
		},
		{
			"code": "side",
			"loadFromProperties": "abstract/horizontalorientation"
		}
	],
	"behaviors": [
		{
			"name": "HorizontalAttachable",
			"properties": {
				"handleDrops": false,
				"attachmentAreas": {
					"north": {
						"x1": 6,
						"y1": 10,
						"z1": 15,
						"x2": 10,
						"y2": 15,
						"z2": 15,
						"rotateY": 180
					},
					"east": {
						"x1": 6,
						"y1": 10,
						"z1": 15,
						"x2": 10,
						"y2": 15,
						"z2": 15,
						"rotateY": 270
					},
					"south": {
						"x1": 6,
						"y1": 10,
						"z1": 15,
						"x2": 10,
						"y2": 15,
						"z2": 15,
						"rotateY": 0
					},
					"west": {
						"x1": 6,
						"y1": 10,
						"z1": 15,
						"x2": 10,
						"y2": 15,
						"z2": 15,
						"rotateY": 90
					}
				}
			}
		}
	],
	"creativeinventory": {
		"general": [
			"*-north"
		],
		"butchering": [
			"*-north"
		]
	},
	"shape": {
		"base": "blocks/hooks/corpsehook",
		"rotateYByType": {
			"*-north": 90,
			"*-east": 0,
			"*-south": 270,
			"*-west": 180
		}
	},
	"texturesByType": {
		"butcherhook-copper-*": { "hook": { "base": "game:block/metal/plate/copper" } },
		"butcherhook-tinbronze-*": { "hook": { "base": "game:block/metal/plate/tinbronze" } },
		"butcherhook-bismuthbronze-*": { "hook": { "base": "game:block/metal/plate/bismuthbronze" } },
		"butcherhook-blackbronze-*": { "hook": { "base": "game:block/metal/plate/blackbronze" } },
		"butcherhook-iron-*": { "hook": { "base": "game:block/metal/plate/iron" } },
		"butcherhook-flint-*": { "hook": { "base": "game:block/stone/flint" } }
	},
	"maxstacksize": 1,
	"drawtype": "json",
	"blockmaterial": "Wood",
	"replaceable": 600,
	"resistance": 3,
	"heldTpIdleAnimation": "holdunderarm",
	"heldTpUseAnimation": "twohandplaceblock",
	"sounds": {
		"walk": "game:player/buildhigh"
	},
	"sideopaque": {
		"all": false
	},
	"sideao": {
		"all": true
	},
	"emitsideao": {
		"all": false
	},
	"sidesolid": {
		"all": false
	},
	"collisionbox": null,
	"selectionbox": {
		"x1": 0.1,
		"y1": 0,
		"z1": 0.1,
		"x2": 0.9,
		"y2": 1,
		"z2": 0.9
	},
	"tpHandTransform": {
		"translation": {
			"x": 0,
			"y": -0.5,
			"z": -0.7
		},
		"rotation": {
			"x": 79,
			"y": 9,
			"z": -25
		},
		"scale": 0.48
	},
	"guiTransform": {
		"translation": {
			"x": -14,
			"y": 10,
			"z": 30
		},
		"rotation": {
			"x": -10,
			"y": -129,
			"z": 0
		},
		"origin": {
			"x": 0.4,
			"y": 0.5,
			"z": 0.6
		},
		"scale": 1.92
	}
}