{
	"code": "smokingrack",
	"class": "BlockMeatHook",
	"entityClass": "MeatHook",
	"variantGroups": [
		{
			"code": "material",
			"states": [ "copper", "iron" ]
		},
		{
			"code": "side",
			"loadFromProperties": "abstract/horizontalorientation"
		}
	],
	"behaviors": [
		{
			"name": "HorizontalAttachable",
			"properties": {
				"handleDrops": false,
				"attachmentAreas": {
					"north": {
						"x1": 6,
						"y1": 10,
						"z1": 15,
						"x2": 10,
						"y2": 15,
						"z2": 15,
						"rotateY": 180
					},
					"east": {
						"x1": 6,
						"y1": 10,
						"z1": 15,
						"x2": 10,
						"y2": 15,
						"z2": 15,
						"rotateY": 270
					},
					"south": {
						"x1": 6,
						"y1": 10,
						"z1": 15,
						"x2": 10,
						"y2": 15,
						"z2": 15,
						"rotateY": 0
					},
					"west": {
						"x1": 6,
						"y1": 10,
						"z1": 15,
						"x2": 10,
						"y2": 15,
						"z2": 15,
						"rotateY": 90
					}
				}
			}
		}
	],
	"creativeinventory": {
		"general": [
			"*-north"
		],
		"butchering": [
			"*-north"
		]
	},
	"shape": {
		"base": "blocks/hooks/smokingrack",
		"rotateYByType": {
			"*-north": 90,
			"*-east": 0,
			"*-south": 270,
			"*-west": 180
		}
	},
	"drawtype": "json",
	"texturesByType": {
		"smokingrack-copper-*": { "hook": { "base": "game:block/metal/plate/copper" } },
		"smokingrack-iron-*": { "hook": { "base": "game:block/metal/plate/iron" } }
	},
	"blockmaterial": "Wood",
	"replaceable": 600,
	"resistance": 3,
	"heldTpIdleAnimation": "holdunderarm",
	"heldTpUseAnimation": "twohandplaceblock",
	"sounds": {
		"walk": "game:player/buildhigh"
	},
	"sideopaque": {
		"all": false
	},
	"sideao": {
		"all": true
	},
	"emitsideao": {
		"all": false
	},
	"sidesolid": {
		"all": false
	},
	"collisionbox": null,
	"tpHandTransform": {
		"translation": {
			"x": 0,
			"y": -0.5,
			"z": -0.7
		},
		"rotation": {
			"x": 79,
			"y": 9,
			"z": -25
		},
		"scale": 0.48
	},
	"guiTransform": {
		"translation": {
			"x": -14,
			"y": 10,
			"z": 30
		},
		"rotation": {
			"x": -10,
			"y": -129,
			"z": 0
		},
		"origin": {
			"x": 0.5,
			"y": 0.6,
			"z": 0.8
		},
		"scale": 1.78
	}
}