{
  "elements": [
    {
      "from": [0, 0, 0],
      "to": [48, 8, 16],
      "faces": {
        "up": { "texture": "#top" },
        "down": { "texture": "#bottom" },
        "north": { "texture": "#side" },
        "south": { "texture": "#side" },
        "west": { "texture": "#side" },
        "east": { "texture": "#side" }
      }
    },
    {
      "from": [22, 8, 6],
      "to": [26, 10, 10],
      "faces": {
        "up": { "texture": "#top" },
        "down": { "texture": "#bottom" },
        "north": { "texture": "#side" },
        "south": { "texture": "#side" },
        "west": { "texture": "#side" },
        "east": { "texture": "#side" }
      }
    },
    {
      "from": [38, 8, 6],
      "to": [42, 10, 10],
      "faces": {
        "up": { "texture": "#bowl" },
        "down": { "texture": "#bowl" },
        "north": { "texture": "#bowl" },
        "south": { "texture": "#bowl" },
        "west": { "texture": "#bowl" },
        "east": { "texture": "#bowl" }
      }
    }
  ]
}
