{
	"code": "hook",
	"variantGroups": [
		{
			"code": "material",
			"states": [ "copper", "tinbronze", "bismuthbronze", "blackbronze", "iron", "flint" ]
		}
	],
	"maxstacksize": 16,
	"drawtype": "json",
	"shape": { "base": "blocks/hooks/hook" },
	"texturesByType": {
		"hook-copper": { "hook": { "base": "game:block/metal/plate/copper" } },
		"hook-tinbronze": { "hook": { "base": "game:block/metal/plate/tinbronze" } },
		"hook-bismuthbronze": { "hook": { "base": "game:block/metal/plate/bismuthbronze" } },
		"hook-blackbronze": { "hook": { "base": "game:block/metal/plate/blackbronze" } },
		"hook-iron": { "hook": { "base": "game:block/metal/plate/iron" } },
		"hook-flint": { "hook": { "base": "game:block/stone/flint" } }
	},
	"storageFlags": 1,
	"creativeinventory": {
		"general": [ "*" ],
		"items": [ "*" ],
		"butchering": [ "*" ]
	},
	"tpHandTransform": {
		"translation": { "x": 0, "y": -0.5, "z": -0.7 },
		"rotation": { "x": 79, "y": 9, "z": -25 },
		"scale": 0.48
	},
	"guiTransform": {
		"translation": { "x": 1, "y": 7, "z": -10 },
		"rotation": { "x": -10, "y": -129, "z": 0 },
		"origin": { "x": 0.4, "y": 0.75, "z": 0.6 },
		"scale": 2.86
	}
}